"description","id","price","title","count"
"Short Product Description_8","a4e150db-2314-4483-b206-60fd21ae3ea4","100","ProductTitle_8","5"
"Short Product Description_7","170c6597-c087-4afd-831c-efa2dbdfe9f6","100","ProductTitle_7","5"
"Short Product Description_1","524f7e80-9976-45ab-9fe3-c67d799e0ea0","100","ProductTitle_1","4"
"Short Product Description_9","8b66dc7f-3cf9-4c78-9c5a-5d40f573738c","100","ProductTitle_9","9"
"Short Product Description_4","8cb6d233-8129-4c3a-b660-92f9193b2533","100","ProductTitle_4","6"
"Short Product Description_6","a6adca85-4bea-46af-a0e5-82e96d5166a1","100","ProductTitle_6","5"
"Short Product Description_2","c429e230-1564-449a-9d21-6fdb38ae27aa","100","ProductTitle_2","0"
"Short Product Description_11","69c16b23-902e-4d9d-a05a-e48754599e66","100","ProductTitle_11","20"
"Short Product Description_3","7bc48d08-e6aa-4515-963b-97373c9b3146","100","ProductTitle_3","4"
"Short Product Description_5","4e55ca07-71e3-42bd-8535-4db49d83e2f2","100","ProductTitle_5","8"
"Short Product Description_10","d3da68a5-3340-4c7d-8012-edd20869a1c1","100","ProductTitle_10","9"
